,n_estimators,lr,max_features,max_depth,train acc,test acc,R2 score
403,450.0,0.125,5.0,7.0,0.9269662921348315,0.8547486033519553,0.6906417112299466
432,450.0,0.15,7.0,5.0,0.9269662921348315,0.8547486033519553,0.6906417112299466
578,500.0,0.175,5.0,7.0,0.9269662921348315,0.8547486033519553,0.6906417112299466
17,300.0,0.1,15.0,5.0,0.9269662921348315,0.8491620111731844,0.6906417112299466
23,300.0,0.1,18.0,7.0,0.9269662921348315,0.8491620111731844,0.6906417112299466
28,300.0,0.125,5.0,7.0,0.9269662921348315,0.8491620111731844,0.6906417112299466
48,300.0,0.125,18.0,7.0,0.9269662921348315,0.8491620111731844,0.6906417112299466
78,300.0,0.175,5.0,7.0,0.9269662921348315,0.8491620111731844,0.6906417112299466
82,300.0,0.175,7.0,5.0,0.9269662921348315,0.8491620111731844,0.6906417112299466
102,300.0,0.2,5.0,5.0,0.9269662921348315,0.8491620111731844,0.6906417112299466
148,350.0,0.1,18.0,7.0,0.9269662921348315,0.8491620111731844,0.6906417112299466
149,350.0,0.1,18.0,10.0,0.9269662921348315,0.8491620111731844,0.6906417112299466
157,350.0,0.125,7.0,5.0,0.9269662921348315,0.8491620111731844,0.6906417112299466
172,350.0,0.125,18.0,5.0,0.9269662921348315,0.8491620111731844,0.6906417112299466
177,350.0,0.15,5.0,5.0,0.9269662921348315,0.8491620111731844,0.6906417112299466
178,350.0,0.15,5.0,7.0,0.9269662921348315,0.8491620111731844,0.6906417112299466
202,350.0,0.175,5.0,5.0,0.9269662921348315,0.8491620111731844,0.6906417112299466
232,350.0,0.2,7.0,5.0,0.9269662921348315,0.8491620111731844,0.6906417112299466
277,400.0,0.125,5.0,5.0,0.9269662921348315,0.8491620111731844,0.6906417112299466
278,400.0,0.125,5.0,7.0,0.9269662921348315,0.8491620111731844,0.6906417112299466
282,400.0,0.125,7.0,5.0,0.9269662921348315,0.8491620111731844,0.6906417112299466
283,400.0,0.125,7.0,7.0,0.9269662921348315,0.8491620111731844,0.6906417112299466
292,400.0,0.125,15.0,5.0,0.9269662921348315,0.8491620111731844,0.6906417112299466
302,400.0,0.15,5.0,5.0,0.9269662921348315,0.8491620111731844,0.6906417112299466
303,400.0,0.15,5.0,7.0,0.9269662921348315,0.8491620111731844,0.6906417112299466
307,400.0,0.15,7.0,5.0,0.9269662921348315,0.8491620111731844,0.6906417112299466
308,400.0,0.15,7.0,7.0,0.9269662921348315,0.8491620111731844,0.6906417112299466
357,400.0,0.2,7.0,5.0,0.9269662921348315,0.8491620111731844,0.6906417112299466
382,450.0,0.1,7.0,5.0,0.9269662921348315,0.8491620111731844,0.6906417112299466
402,450.0,0.125,5.0,5.0,0.9269662921348315,0.8491620111731844,0.6906417112299466
452,450.0,0.175,5.0,5.0,0.9269662921348315,0.8491620111731844,0.6906417112299466
457,450.0,0.175,7.0,5.0,0.9269662921348315,0.8491620111731844,0.6906417112299466
462,450.0,0.175,10.0,5.0,0.9269662921348315,0.8491620111731844,0.6906417112299466
477,450.0,0.2,5.0,5.0,0.9269662921348315,0.8491620111731844,0.6906417112299466
482,450.0,0.2,7.0,5.0,0.9269662921348315,0.8491620111731844,0.6906417112299466
503,500.0,0.1,5.0,7.0,0.9269662921348315,0.8491620111731844,0.6906417112299466
507,500.0,0.1,7.0,5.0,0.9269662921348315,0.8491620111731844,0.6906417112299466
512,500.0,0.1,10.0,5.0,0.9269662921348315,0.8491620111731844,0.6906417112299466
527,500.0,0.125,5.0,5.0,0.9269662921348315,0.8491620111731844,0.6906417112299466
532,500.0,0.125,7.0,5.0,0.9269662921348315,0.8491620111731844,0.6906417112299466
533,500.0,0.125,7.0,7.0,0.9269662921348315,0.8491620111731844,0.6906417112299466
552,500.0,0.15,5.0,5.0,0.9269662921348315,0.8491620111731844,0.6906417112299466
577,500.0,0.175,5.0,5.0,0.9269662921348315,0.8491620111731844,0.6906417112299466
587,500.0,0.175,10.0,5.0,0.9269662921348315,0.8491620111731844,0.6906417112299466
3,300.0,0.1,5.0,7.0,0.9269662921348315,0.8435754189944135,0.6906417112299466
13,300.0,0.1,10.0,7.0,0.9269662921348315,0.8435754189944135,0.6906417112299466
37,300.0,0.125,10.0,5.0,0.9269662921348315,0.8435754189944135,0.6906417112299466
39,300.0,0.125,10.0,10.0,0.9269662921348315,0.8435754189944135,0.6906417112299466
44,300.0,0.125,15.0,10.0,0.9269662921348315,0.8435754189944135,0.6906417112299466
57,300.0,0.15,7.0,5.0,0.9269662921348315,0.8435754189944135,0.6906417112299466
63,300.0,0.15,10.0,7.0,0.9269662921348315,0.8435754189944135,0.6906417112299466
73,300.0,0.15,18.0,7.0,0.9269662921348315,0.8435754189944135,0.6906417112299466
74,300.0,0.15,18.0,10.0,0.9269662921348315,0.8435754189944135,0.6906417112299466
83,300.0,0.175,7.0,7.0,0.9269662921348315,0.8435754189944135,0.6906417112299466
88,300.0,0.175,10.0,7.0,0.9269662921348315,0.8435754189944135,0.6906417112299466
97,300.0,0.175,18.0,5.0,0.9269662921348315,0.8435754189944135,0.6906417112299466
98,300.0,0.175,18.0,7.0,0.9269662921348315,0.8435754189944135,0.6906417112299466
107,300.0,0.2,7.0,5.0,0.9269662921348315,0.8435754189944135,0.6906417112299466
108,300.0,0.2,7.0,7.0,0.9269662921348315,0.8435754189944135,0.6906417112299466
109,300.0,0.2,7.0,10.0,0.9269662921348315,0.8435754189944135,0.6906417112299466
129,350.0,0.1,5.0,10.0,0.9269662921348315,0.8435754189944135,0.6906417112299466
139,350.0,0.1,10.0,10.0,0.9269662921348315,0.8435754189944135,0.6906417112299466
144,350.0,0.1,15.0,10.0,0.9269662921348315,0.8435754189944135,0.6906417112299466
153,350.0,0.125,5.0,7.0,0.9269662921348315,0.8435754189944135,0.6906417112299466
154,350.0,0.125,5.0,10.0,0.9269662921348315,0.8435754189944135,0.6906417112299466
158,350.0,0.125,7.0,7.0,0.9269662921348315,0.8435754189944135,0.6906417112299466
162,350.0,0.125,10.0,5.0,0.9269662921348315,0.8435754189944135,0.6906417112299466
168,350.0,0.125,15.0,7.0,0.9269662921348315,0.8435754189944135,0.6906417112299466
182,350.0,0.15,7.0,5.0,0.9269662921348315,0.8435754189944135,0.6906417112299466
188,350.0,0.15,10.0,7.0,0.9269662921348315,0.8435754189944135,0.6906417112299466
193,350.0,0.15,15.0,7.0,0.9269662921348315,0.8435754189944135,0.6906417112299466
194,350.0,0.15,15.0,10.0,0.9269662921348315,0.8435754189944135,0.6906417112299466
207,350.0,0.175,7.0,5.0,0.9269662921348315,0.8435754189944135,0.6906417112299466
213,350.0,0.175,10.0,7.0,0.9269662921348315,0.8435754189944135,0.6906417112299466
218,350.0,0.175,15.0,7.0,0.9269662921348315,0.8435754189944135,0.6906417112299466
227,350.0,0.2,5.0,5.0,0.9269662921348315,0.8435754189944135,0.6906417112299466
237,350.0,0.2,10.0,5.0,0.9269662921348315,0.8435754189944135,0.6906417112299466
242,350.0,0.2,15.0,5.0,0.9269662921348315,0.8435754189944135,0.6906417112299466
247,350.0,0.2,18.0,5.0,0.9269662921348315,0.8435754189944135,0.6906417112299466
254,400.0,0.1,5.0,10.0,0.9269662921348315,0.8435754189944135,0.6906417112299466
263,400.0,0.1,10.0,7.0,0.9269662921348315,0.8435754189944135,0.6906417112299466
268,400.0,0.1,15.0,7.0,0.9269662921348315,0.8435754189944135,0.6906417112299466
274,400.0,0.1,18.0,10.0,0.9269662921348315,0.8435754189944135,0.6906417112299466
293,400.0,0.125,15.0,7.0,0.9269662921348315,0.8435754189944135,0.6906417112299466
297,400.0,0.125,18.0,5.0,0.9269662921348315,0.8435754189944135,0.6906417112299466
298,400.0,0.125,18.0,7.0,0.9269662921348315,0.8435754189944135,0.6906417112299466
312,400.0,0.15,10.0,5.0,0.9269662921348315,0.8435754189944135,0.6906417112299466
314,400.0,0.15,10.0,10.0,0.9269662921348315,0.8435754189944135,0.6906417112299466
318,400.0,0.15,15.0,7.0,0.9269662921348315,0.8435754189944135,0.6906417112299466
319,400.0,0.15,15.0,10.0,0.9269662921348315,0.8435754189944135,0.6906417112299466
324,400.0,0.15,18.0,10.0,0.9269662921348315,0.8435754189944135,0.6906417112299466
327,400.0,0.175,5.0,5.0,0.9269662921348315,0.8435754189944135,0.6906417112299466
332,400.0,0.175,7.0,5.0,0.9269662921348315,0.8435754189944135,0.6906417112299466
342,400.0,0.175,15.0,5.0,0.9269662921348315,0.8435754189944135,0.6906417112299466
348,400.0,0.175,18.0,7.0,0.9269662921348315,0.8435754189944135,0.6906417112299466
352,400.0,0.2,5.0,5.0,0.9269662921348315,0.8435754189944135,0.6906417112299466
354,400.0,0.2,5.0,10.0,0.9269662921348315,0.8435754189944135,0.6906417112299466
362,400.0,0.2,10.0,5.0,0.9269662921348315,0.8435754189944135,0.6906417112299466
367,400.0,0.2,15.0,5.0,0.9269662921348315,0.8435754189944135,0.6906417112299466
368,400.0,0.2,15.0,7.0,0.9269662921348315,0.8435754189944135,0.6906417112299466
369,400.0,0.2,15.0,10.0,0.9269662921348315,0.8435754189944135,0.6906417112299466
372,400.0,0.2,18.0,5.0,0.9269662921348315,0.8435754189944135,0.6906417112299466
374,400.0,0.2,18.0,10.0,0.9269662921348315,0.8435754189944135,0.6906417112299466
378,450.0,0.1,5.0,7.0,0.9269662921348315,0.8435754189944135,0.6906417112299466
379,450.0,0.1,5.0,10.0,0.9269662921348315,0.8435754189944135,0.6906417112299466
383,450.0,0.1,7.0,7.0,0.9269662921348315,0.8435754189944135,0.6906417112299466
393,450.0,0.1,15.0,7.0,0.9269662921348315,0.8435754189944135,0.6906417112299466
407,450.0,0.125,7.0,5.0,0.9269662921348315,0.8435754189944135,0.6906417112299466
408,450.0,0.125,7.0,7.0,0.9269662921348315,0.8435754189944135,0.6906417112299466
413,450.0,0.125,10.0,7.0,0.9269662921348315,0.8435754189944135,0.6906417112299466
423,450.0,0.125,18.0,7.0,0.9269662921348315,0.8435754189944135,0.6906417112299466
427,450.0,0.15,5.0,5.0,0.9269662921348315,0.8435754189944135,0.6906417112299466
433,450.0,0.15,7.0,7.0,0.9269662921348315,0.8435754189944135,0.6906417112299466
438,450.0,0.15,10.0,7.0,0.9269662921348315,0.8435754189944135,0.6906417112299466
442,450.0,0.15,15.0,5.0,0.9269662921348315,0.8435754189944135,0.6906417112299466
468,450.0,0.175,15.0,7.0,0.9269662921348315,0.8435754189944135,0.6906417112299466
483,450.0,0.2,7.0,7.0,0.9269662921348315,0.8435754189944135,0.6906417112299466
494,450.0,0.2,15.0,10.0,0.9269662921348315,0.8435754189944135,0.6906417112299466
498,450.0,0.2,18.0,7.0,0.9269662921348315,0.8435754189944135,0.6906417112299466
513,500.0,0.1,10.0,7.0,0.9269662921348315,0.8435754189944135,0.6906417112299466
517,500.0,0.1,15.0,5.0,0.9269662921348315,0.8435754189944135,0.6906417112299466
518,500.0,0.1,15.0,7.0,0.9269662921348315,0.8435754189944135,0.6906417112299466
524,500.0,0.1,18.0,10.0,0.9269662921348315,0.8435754189944135,0.6906417112299466
534,500.0,0.125,7.0,10.0,0.9269662921348315,0.8435754189944135,0.6906417112299466
542,500.0,0.125,15.0,5.0,0.9269662921348315,0.8435754189944135,0.6906417112299466
547,500.0,0.125,18.0,5.0,0.9269662921348315,0.8435754189944135,0.6906417112299466
554,500.0,0.15,5.0,10.0,0.9269662921348315,0.8435754189944135,0.6906417112299466
562,500.0,0.15,10.0,5.0,0.9269662921348315,0.8435754189944135,0.6906417112299466
579,500.0,0.175,5.0,10.0,0.9269662921348315,0.8435754189944135,0.6906417112299466
582,500.0,0.175,7.0,5.0,0.9269662921348315,0.8435754189944135,0.6906417112299466
598,500.0,0.175,18.0,7.0,0.9269662921348315,0.8435754189944135,0.6906417112299466
602,500.0,0.2,5.0,5.0,0.9269662921348315,0.8435754189944135,0.6906417112299466
607,500.0,0.2,7.0,5.0,0.9269662921348315,0.8435754189944135,0.6906417112299466
608,500.0,0.2,7.0,7.0,0.9269662921348315,0.8435754189944135,0.6906417112299466
612,500.0,0.2,10.0,5.0,0.9269662921348315,0.8435754189944135,0.6906417112299466
624,500.0,0.2,18.0,10.0,0.9269662921348315,0.8435754189944135,0.6906417112299466
8,300.0,0.1,7.0,7.0,0.9269662921348315,0.8379888268156425,0.6906417112299466
18,300.0,0.1,15.0,7.0,0.9269662921348315,0.8379888268156425,0.6906417112299466
19,300.0,0.1,15.0,10.0,0.9269662921348315,0.8379888268156425,0.6906417112299466
34,300.0,0.125,7.0,10.0,0.9269662921348315,0.8379888268156425,0.6906417112299466
38,300.0,0.125,10.0,7.0,0.9269662921348315,0.8379888268156425,0.6906417112299466
43,300.0,0.125,15.0,7.0,0.9269662921348315,0.8379888268156425,0.6906417112299466
47,300.0,0.125,18.0,5.0,0.9269662921348315,0.8379888268156425,0.6906417112299466
58,300.0,0.15,7.0,7.0,0.9269662921348315,0.8379888268156425,0.6906417112299466
62,300.0,0.15,10.0,5.0,0.9269662921348315,0.8379888268156425,0.6906417112299466
68,300.0,0.15,15.0,7.0,0.9269662921348315,0.8379888268156425,0.6906417112299466
69,300.0,0.15,15.0,10.0,0.9269662921348315,0.8379888268156425,0.6906417112299466
87,300.0,0.175,10.0,5.0,0.9269662921348315,0.8379888268156425,0.6906417112299466
93,300.0,0.175,15.0,7.0,0.9269662921348315,0.8379888268156425,0.6906417112299466
103,300.0,0.2,5.0,7.0,0.9269662921348315,0.8379888268156425,0.6906417112299466
118,300.0,0.2,15.0,7.0,0.9269662921348315,0.8379888268156425,0.6906417112299466
122,300.0,0.2,18.0,5.0,0.9269662921348315,0.8379888268156425,0.6906417112299466
123,300.0,0.2,18.0,7.0,0.9269662921348315,0.8379888268156425,0.6906417112299466
124,300.0,0.2,18.0,10.0,0.9269662921348315,0.8379888268156425,0.6906417112299466
128,350.0,0.1,5.0,7.0,0.9269662921348315,0.8379888268156425,0.6906417112299466
133,350.0,0.1,7.0,7.0,0.9269662921348315,0.8379888268156425,0.6906417112299466
134,350.0,0.1,7.0,10.0,0.9269662921348315,0.8379888268156425,0.6906417112299466
142,350.0,0.1,15.0,5.0,0.9269662921348315,0.8379888268156425,0.6906417112299466
159,350.0,0.125,7.0,10.0,0.9269662921348315,0.8379888268156425,0.6906417112299466
163,350.0,0.125,10.0,7.0,0.9269662921348315,0.8379888268156425,0.6906417112299466
164,350.0,0.125,10.0,10.0,0.9269662921348315,0.8379888268156425,0.6906417112299466
169,350.0,0.125,15.0,10.0,0.9269662921348315,0.8379888268156425,0.6906417112299466
173,350.0,0.125,18.0,7.0,0.9269662921348315,0.8379888268156425,0.6906417112299466
179,350.0,0.15,5.0,10.0,0.9269662921348315,0.8379888268156425,0.6906417112299466
183,350.0,0.15,7.0,7.0,0.9269662921348315,0.8379888268156425,0.6906417112299466
184,350.0,0.15,7.0,10.0,0.9269662921348315,0.8379888268156425,0.6906417112299466
187,350.0,0.15,10.0,5.0,0.9269662921348315,0.8379888268156425,0.6906417112299466
192,350.0,0.15,15.0,5.0,0.9269662921348315,0.8379888268156425,0.6906417112299466
197,350.0,0.15,18.0,5.0,0.9269662921348315,0.8379888268156425,0.6906417112299466
203,350.0,0.175,5.0,7.0,0.9269662921348315,0.8379888268156425,0.6906417112299466
208,350.0,0.175,7.0,7.0,0.9269662921348315,0.8379888268156425,0.6906417112299466
219,350.0,0.175,15.0,10.0,0.9269662921348315,0.8379888268156425,0.6906417112299466
228,350.0,0.2,5.0,7.0,0.9269662921348315,0.8379888268156425,0.6906417112299466
229,350.0,0.2,5.0,10.0,0.9269662921348315,0.8379888268156425,0.6906417112299466
248,350.0,0.2,18.0,7.0,0.9269662921348315,0.8379888268156425,0.6906417112299466
253,400.0,0.1,5.0,7.0,0.9269662921348315,0.8379888268156425,0.6906417112299466
258,400.0,0.1,7.0,7.0,0.9269662921348315,0.8379888268156425,0.6906417112299466
262,400.0,0.1,10.0,5.0,0.9269662921348315,0.8379888268156425,0.6906417112299466
267,400.0,0.1,15.0,5.0,0.9269662921348315,0.8379888268156425,0.6906417112299466
269,400.0,0.1,15.0,10.0,0.9269662921348315,0.8379888268156425,0.6906417112299466
273,400.0,0.1,18.0,7.0,0.9269662921348315,0.8379888268156425,0.6906417112299466
309,400.0,0.15,7.0,10.0,0.9269662921348315,0.8379888268156425,0.6906417112299466
317,400.0,0.15,15.0,5.0,0.9269662921348315,0.8379888268156425,0.6906417112299466
322,400.0,0.15,18.0,5.0,0.9269662921348315,0.8379888268156425,0.6906417112299466
328,400.0,0.175,5.0,7.0,0.9269662921348315,0.8379888268156425,0.6906417112299466
333,400.0,0.175,7.0,7.0,0.9269662921348315,0.8379888268156425,0.6906417112299466
334,400.0,0.175,7.0,10.0,0.9269662921348315,0.8379888268156425,0.6906417112299466
338,400.0,0.175,10.0,7.0,0.9269662921348315,0.8379888268156425,0.6906417112299466
343,400.0,0.175,15.0,7.0,0.9269662921348315,0.8379888268156425,0.6906417112299466
353,400.0,0.2,5.0,7.0,0.9269662921348315,0.8379888268156425,0.6906417112299466
363,400.0,0.2,10.0,7.0,0.9269662921348315,0.8379888268156425,0.6906417112299466
387,450.0,0.1,10.0,5.0,0.9269662921348315,0.8379888268156425,0.6906417112299466
388,450.0,0.1,10.0,7.0,0.9269662921348315,0.8379888268156425,0.6906417112299466
392,450.0,0.1,15.0,5.0,0.9269662921348315,0.8379888268156425,0.6906417112299466
398,450.0,0.1,18.0,7.0,0.9269662921348315,0.8379888268156425,0.6906417112299466
399,450.0,0.1,18.0,10.0,0.9269662921348315,0.8379888268156425,0.6906417112299466
418,450.0,0.125,15.0,7.0,0.9269662921348315,0.8379888268156425,0.6906417112299466
419,450.0,0.125,15.0,10.0,0.9269662921348315,0.8379888268156425,0.6906417112299466
422,450.0,0.125,18.0,5.0,0.9269662921348315,0.8379888268156425,0.6906417112299466
424,450.0,0.125,18.0,10.0,0.9269662921348315,0.8379888268156425,0.6906417112299466
429,450.0,0.15,5.0,10.0,0.9269662921348315,0.8379888268156425,0.6906417112299466
443,450.0,0.15,15.0,7.0,0.9269662921348315,0.8379888268156425,0.6906417112299466
444,450.0,0.15,15.0,10.0,0.9269662921348315,0.8379888268156425,0.6906417112299466
447,450.0,0.15,18.0,5.0,0.9269662921348315,0.8379888268156425,0.6906417112299466
448,450.0,0.15,18.0,7.0,0.9269662921348315,0.8379888268156425,0.6906417112299466
449,450.0,0.15,18.0,10.0,0.9269662921348315,0.8379888268156425,0.6906417112299466
453,450.0,0.175,5.0,7.0,0.9269662921348315,0.8379888268156425,0.6906417112299466
454,450.0,0.175,5.0,10.0,0.9269662921348315,0.8379888268156425,0.6906417112299466
458,450.0,0.175,7.0,7.0,0.9269662921348315,0.8379888268156425,0.6906417112299466
463,450.0,0.175,10.0,7.0,0.9269662921348315,0.8379888268156425,0.6906417112299466
467,450.0,0.175,15.0,5.0,0.9269662921348315,0.8379888268156425,0.6906417112299466
469,450.0,0.175,15.0,10.0,0.9269662921348315,0.8379888268156425,0.6906417112299466
473,450.0,0.175,18.0,7.0,0.9269662921348315,0.8379888268156425,0.6906417112299466
479,450.0,0.2,5.0,10.0,0.9269662921348315,0.8379888268156425,0.6906417112299466
488,450.0,0.2,10.0,7.0,0.9269662921348315,0.8379888268156425,0.6906417112299466
492,450.0,0.2,15.0,5.0,0.9269662921348315,0.8379888268156425,0.6906417112299466
493,450.0,0.2,15.0,7.0,0.9269662921348315,0.8379888268156425,0.6906417112299466
504,500.0,0.1,5.0,10.0,0.9269662921348315,0.8379888268156425,0.6906417112299466
508,500.0,0.1,7.0,7.0,0.9269662921348315,0.8379888268156425,0.6906417112299466
523,500.0,0.1,18.0,7.0,0.9269662921348315,0.8379888268156425,0.6906417112299466
528,500.0,0.125,5.0,7.0,0.9269662921348315,0.8379888268156425,0.6906417112299466
538,500.0,0.125,10.0,7.0,0.9269662921348315,0.8379888268156425,0.6906417112299466
543,500.0,0.125,15.0,7.0,0.9269662921348315,0.8379888268156425,0.6906417112299466
544,500.0,0.125,15.0,10.0,0.9269662921348315,0.8379888268156425,0.6906417112299466
548,500.0,0.125,18.0,7.0,0.9269662921348315,0.8379888268156425,0.6906417112299466
553,500.0,0.15,5.0,7.0,0.9269662921348315,0.8379888268156425,0.6906417112299466
557,500.0,0.15,7.0,5.0,0.9269662921348315,0.8379888268156425,0.6906417112299466
563,500.0,0.15,10.0,7.0,0.9269662921348315,0.8379888268156425,0.6906417112299466
564,500.0,0.15,10.0,10.0,0.9269662921348315,0.8379888268156425,0.6906417112299466
567,500.0,0.15,15.0,5.0,0.9269662921348315,0.8379888268156425,0.6906417112299466
568,500.0,0.15,15.0,7.0,0.9269662921348315,0.8379888268156425,0.6906417112299466
572,500.0,0.15,18.0,5.0,0.9269662921348315,0.8379888268156425,0.6906417112299466
573,500.0,0.15,18.0,7.0,0.9269662921348315,0.8379888268156425,0.6906417112299466
574,500.0,0.15,18.0,10.0,0.9269662921348315,0.8379888268156425,0.6906417112299466
588,500.0,0.175,10.0,7.0,0.9269662921348315,0.8379888268156425,0.6906417112299466
589,500.0,0.175,10.0,10.0,0.9269662921348315,0.8379888268156425,0.6906417112299466
593,500.0,0.175,15.0,7.0,0.9269662921348315,0.8379888268156425,0.6906417112299466
599,500.0,0.175,18.0,10.0,0.9269662921348315,0.8379888268156425,0.6906417112299466
603,500.0,0.2,5.0,7.0,0.9269662921348315,0.8379888268156425,0.6906417112299466
613,500.0,0.2,10.0,7.0,0.9269662921348315,0.8379888268156425,0.6906417112299466
617,500.0,0.2,15.0,5.0,0.9269662921348315,0.8379888268156425,0.6906417112299466
618,500.0,0.2,15.0,7.0,0.9269662921348315,0.8379888268156425,0.6906417112299466
619,500.0,0.2,15.0,10.0,0.9269662921348315,0.8379888268156425,0.6906417112299466
9,300.0,0.1,7.0,10.0,0.9269662921348315,0.8324022346368715,0.6906417112299466
14,300.0,0.1,10.0,10.0,0.9269662921348315,0.8324022346368715,0.6906417112299466
24,300.0,0.1,18.0,10.0,0.9269662921348315,0.8324022346368715,0.6906417112299466
33,300.0,0.125,7.0,7.0,0.9269662921348315,0.8324022346368715,0.6906417112299466
42,300.0,0.125,15.0,5.0,0.9269662921348315,0.8324022346368715,0.6906417112299466
49,300.0,0.125,18.0,10.0,0.9269662921348315,0.8324022346368715,0.6906417112299466
59,300.0,0.15,7.0,10.0,0.9269662921348315,0.8324022346368715,0.6906417112299466
72,300.0,0.15,18.0,5.0,0.9269662921348315,0.8324022346368715,0.6906417112299466
92,300.0,0.175,15.0,5.0,0.9269662921348315,0.8324022346368715,0.6906417112299466
94,300.0,0.175,15.0,10.0,0.9269662921348315,0.8324022346368715,0.6906417112299466
104,300.0,0.2,5.0,10.0,0.9269662921348315,0.8324022346368715,0.6906417112299466
112,300.0,0.2,10.0,5.0,0.9269662921348315,0.8324022346368715,0.6906417112299466
113,300.0,0.2,10.0,7.0,0.9269662921348315,0.8324022346368715,0.6906417112299466
114,300.0,0.2,10.0,10.0,0.9269662921348315,0.8324022346368715,0.6906417112299466
117,300.0,0.2,15.0,5.0,0.9269662921348315,0.8324022346368715,0.6906417112299466
119,300.0,0.2,15.0,10.0,0.9269662921348315,0.8324022346368715,0.6906417112299466
138,350.0,0.1,10.0,7.0,0.9269662921348315,0.8324022346368715,0.6906417112299466
143,350.0,0.1,15.0,7.0,0.9269662921348315,0.8324022346368715,0.6906417112299466
167,350.0,0.125,15.0,5.0,0.9269662921348315,0.8324022346368715,0.6906417112299466
174,350.0,0.125,18.0,10.0,0.9269662921348315,0.8324022346368715,0.6906417112299466
189,350.0,0.15,10.0,10.0,0.9269662921348315,0.8324022346368715,0.6906417112299466
198,350.0,0.15,18.0,7.0,0.9269662921348315,0.8324022346368715,0.6906417112299466
199,350.0,0.15,18.0,10.0,0.9269662921348315,0.8324022346368715,0.6906417112299466
204,350.0,0.175,5.0,10.0,0.9269662921348315,0.8324022346368715,0.6906417112299466
212,350.0,0.175,10.0,5.0,0.9269662921348315,0.8324022346368715,0.6906417112299466
214,350.0,0.175,10.0,10.0,0.9269662921348315,0.8324022346368715,0.6906417112299466
222,350.0,0.175,18.0,5.0,0.9269662921348315,0.8324022346368715,0.6906417112299466
224,350.0,0.175,18.0,10.0,0.9269662921348315,0.8324022346368715,0.6906417112299466
233,350.0,0.2,7.0,7.0,0.9269662921348315,0.8324022346368715,0.6906417112299466
234,350.0,0.2,7.0,10.0,0.9269662921348315,0.8324022346368715,0.6906417112299466
238,350.0,0.2,10.0,7.0,0.9269662921348315,0.8324022346368715,0.6906417112299466
239,350.0,0.2,10.0,10.0,0.9269662921348315,0.8324022346368715,0.6906417112299466
243,350.0,0.2,15.0,7.0,0.9269662921348315,0.8324022346368715,0.6906417112299466
259,400.0,0.1,7.0,10.0,0.9269662921348315,0.8324022346368715,0.6906417112299466
272,400.0,0.1,18.0,5.0,0.9269662921348315,0.8324022346368715,0.6906417112299466
279,400.0,0.125,5.0,10.0,0.9269662921348315,0.8324022346368715,0.6906417112299466
288,400.0,0.125,10.0,7.0,0.9269662921348315,0.8324022346368715,0.6906417112299466
294,400.0,0.125,15.0,10.0,0.9269662921348315,0.8324022346368715,0.6906417112299466
299,400.0,0.125,18.0,10.0,0.9269662921348315,0.8324022346368715,0.6906417112299466
304,400.0,0.15,5.0,10.0,0.9269662921348315,0.8324022346368715,0.6906417112299466
313,400.0,0.15,10.0,7.0,0.9269662921348315,0.8324022346368715,0.6906417112299466
323,400.0,0.15,18.0,7.0,0.9269662921348315,0.8324022346368715,0.6906417112299466
329,400.0,0.175,5.0,10.0,0.9269662921348315,0.8324022346368715,0.6906417112299466
337,400.0,0.175,10.0,5.0,0.9269662921348315,0.8324022346368715,0.6906417112299466
339,400.0,0.175,10.0,10.0,0.9269662921348315,0.8324022346368715,0.6906417112299466
347,400.0,0.175,18.0,5.0,0.9269662921348315,0.8324022346368715,0.6906417112299466
349,400.0,0.175,18.0,10.0,0.9269662921348315,0.8324022346368715,0.6906417112299466
359,400.0,0.2,7.0,10.0,0.9269662921348315,0.8324022346368715,0.6906417112299466
364,400.0,0.2,10.0,10.0,0.9269662921348315,0.8324022346368715,0.6906417112299466
373,400.0,0.2,18.0,7.0,0.9269662921348315,0.8324022346368715,0.6906417112299466
384,450.0,0.1,7.0,10.0,0.9269662921348315,0.8324022346368715,0.6906417112299466
389,450.0,0.1,10.0,10.0,0.9269662921348315,0.8324022346368715,0.6906417112299466
397,450.0,0.1,18.0,5.0,0.9269662921348315,0.8324022346368715,0.6906417112299466
404,450.0,0.125,5.0,10.0,0.9269662921348315,0.8324022346368715,0.6906417112299466
412,450.0,0.125,10.0,5.0,0.9269662921348315,0.8324022346368715,0.6906417112299466
417,450.0,0.125,15.0,5.0,0.9269662921348315,0.8324022346368715,0.6906417112299466
428,450.0,0.15,5.0,7.0,0.9269662921348315,0.8324022346368715,0.6906417112299466
434,450.0,0.15,7.0,10.0,0.9269662921348315,0.8324022346368715,0.6906417112299466
439,450.0,0.15,10.0,10.0,0.9269662921348315,0.8324022346368715,0.6906417112299466
459,450.0,0.175,7.0,10.0,0.9269662921348315,0.8324022346368715,0.6906417112299466
472,450.0,0.175,18.0,5.0,0.9269662921348315,0.8324022346368715,0.6906417112299466
474,450.0,0.175,18.0,10.0,0.9269662921348315,0.8324022346368715,0.6906417112299466
478,450.0,0.2,5.0,7.0,0.9269662921348315,0.8324022346368715,0.6906417112299466
484,450.0,0.2,7.0,10.0,0.9269662921348315,0.8324022346368715,0.6906417112299466
489,450.0,0.2,10.0,10.0,0.9269662921348315,0.8324022346368715,0.6906417112299466
497,450.0,0.2,18.0,5.0,0.9269662921348315,0.8324022346368715,0.6906417112299466
499,450.0,0.2,18.0,10.0,0.9269662921348315,0.8324022346368715,0.6906417112299466
509,500.0,0.1,7.0,10.0,0.9269662921348315,0.8324022346368715,0.6906417112299466
519,500.0,0.1,15.0,10.0,0.9269662921348315,0.8324022346368715,0.6906417112299466
522,500.0,0.1,18.0,5.0,0.9269662921348315,0.8324022346368715,0.6906417112299466
537,500.0,0.125,10.0,5.0,0.9269662921348315,0.8324022346368715,0.6906417112299466
539,500.0,0.125,10.0,10.0,0.9269662921348315,0.8324022346368715,0.6906417112299466
549,500.0,0.125,18.0,10.0,0.9269662921348315,0.8324022346368715,0.6906417112299466
558,500.0,0.15,7.0,7.0,0.9269662921348315,0.8324022346368715,0.6906417112299466
569,500.0,0.15,15.0,10.0,0.9269662921348315,0.8324022346368715,0.6906417112299466
583,500.0,0.175,7.0,7.0,0.9269662921348315,0.8324022346368715,0.6906417112299466
584,500.0,0.175,7.0,10.0,0.9269662921348315,0.8324022346368715,0.6906417112299466
592,500.0,0.175,15.0,5.0,0.9269662921348315,0.8324022346368715,0.6906417112299466
594,500.0,0.175,15.0,10.0,0.9269662921348315,0.8324022346368715,0.6906417112299466
597,500.0,0.175,18.0,5.0,0.9269662921348315,0.8324022346368715,0.6906417112299466
604,500.0,0.2,5.0,10.0,0.9269662921348315,0.8324022346368715,0.6906417112299466
614,500.0,0.2,10.0,10.0,0.9269662921348315,0.8324022346368715,0.6906417112299466
622,500.0,0.2,18.0,5.0,0.9269662921348315,0.8324022346368715,0.6906417112299466
623,500.0,0.2,18.0,7.0,0.9269662921348315,0.8324022346368715,0.6906417112299466
22,300.0,0.1,18.0,5.0,0.9269662921348315,0.8268156424581006,0.6906417112299466
29,300.0,0.125,5.0,10.0,0.9269662921348315,0.8268156424581006,0.6906417112299466
53,300.0,0.15,5.0,7.0,0.9269662921348315,0.8268156424581006,0.6906417112299466
54,300.0,0.15,5.0,10.0,0.9269662921348315,0.8268156424581006,0.6906417112299466
64,300.0,0.15,10.0,10.0,0.9269662921348315,0.8268156424581006,0.6906417112299466
67,300.0,0.15,15.0,5.0,0.9269662921348315,0.8268156424581006,0.6906417112299466
79,300.0,0.175,5.0,10.0,0.9269662921348315,0.8268156424581006,0.6906417112299466
89,300.0,0.175,10.0,10.0,0.9269662921348315,0.8268156424581006,0.6906417112299466
99,300.0,0.175,18.0,10.0,0.9269662921348315,0.8268156424581006,0.6906417112299466
147,350.0,0.1,18.0,5.0,0.9269662921348315,0.8268156424581006,0.6906417112299466
209,350.0,0.175,7.0,10.0,0.9269662921348315,0.8268156424581006,0.6906417112299466
217,350.0,0.175,15.0,5.0,0.9269662921348315,0.8268156424581006,0.6906417112299466
223,350.0,0.175,18.0,7.0,0.9269662921348315,0.8268156424581006,0.6906417112299466
244,350.0,0.2,15.0,10.0,0.9269662921348315,0.8268156424581006,0.6906417112299466
249,350.0,0.2,18.0,10.0,0.9269662921348315,0.8268156424581006,0.6906417112299466
284,400.0,0.125,7.0,10.0,0.9269662921348315,0.8268156424581006,0.6906417112299466
287,400.0,0.125,10.0,5.0,0.9269662921348315,0.8268156424581006,0.6906417112299466
289,400.0,0.125,10.0,10.0,0.9269662921348315,0.8268156424581006,0.6906417112299466
344,400.0,0.175,15.0,10.0,0.9269662921348315,0.8268156424581006,0.6906417112299466
358,400.0,0.2,7.0,7.0,0.9269662921348315,0.8268156424581006,0.6906417112299466
394,450.0,0.1,15.0,10.0,0.9269662921348315,0.8268156424581006,0.6906417112299466
409,450.0,0.125,7.0,10.0,0.9269662921348315,0.8268156424581006,0.6906417112299466
414,450.0,0.125,10.0,10.0,0.9269662921348315,0.8268156424581006,0.6906417112299466
437,450.0,0.15,10.0,5.0,0.9269662921348315,0.8268156424581006,0.6906417112299466
464,450.0,0.175,10.0,10.0,0.9269662921348315,0.8268156424581006,0.6906417112299466
487,450.0,0.2,10.0,5.0,0.9269662921348315,0.8268156424581006,0.6906417112299466
529,500.0,0.125,5.0,10.0,0.9269662921348315,0.8268156424581006,0.6906417112299466
559,500.0,0.15,7.0,10.0,0.9269662921348315,0.8268156424581006,0.6906417112299466
4,300.0,0.1,5.0,10.0,0.9269662921348315,0.8212290502793296,0.6906417112299466
84,300.0,0.175,7.0,10.0,0.9269662921348315,0.8212290502793296,0.6906417112299466
264,400.0,0.1,10.0,10.0,0.9269662921348315,0.8212290502793296,0.6906417112299466
514,500.0,0.1,10.0,10.0,0.9269662921348315,0.8212290502793296,0.6906417112299466
609,500.0,0.2,7.0,10.0,0.9269662921348315,0.8156424581005587,0.6906417112299466
12,300.0,0.1,10.0,5.0,0.925561797752809,0.8491620111731844,0.684692513368984
32,300.0,0.125,7.0,5.0,0.925561797752809,0.8491620111731844,0.684692513368984
52,300.0,0.15,5.0,5.0,0.925561797752809,0.8491620111731844,0.684692513368984
77,300.0,0.175,5.0,5.0,0.925561797752809,0.8491620111731844,0.684692513368984
127,350.0,0.1,5.0,5.0,0.925561797752809,0.8491620111731844,0.684692513368984
132,350.0,0.1,7.0,5.0,0.925561797752809,0.8491620111731844,0.684692513368984
152,350.0,0.125,5.0,5.0,0.925561797752809,0.8491620111731844,0.684692513368984
252,400.0,0.1,5.0,5.0,0.925561797752809,0.8491620111731844,0.684692513368984
257,400.0,0.1,7.0,5.0,0.925561797752809,0.8491620111731844,0.684692513368984
377,450.0,0.1,5.0,5.0,0.925561797752809,0.8491620111731844,0.684692513368984
502,500.0,0.1,5.0,5.0,0.925561797752809,0.8491620111731844,0.684692513368984
137,350.0,0.1,10.0,5.0,0.925561797752809,0.8379888268156425,0.684692513368984
7,300.0,0.1,7.0,5.0,0.9241573033707865,0.8491620111731844,0.6787433155080214
27,300.0,0.125,5.0,5.0,0.9241573033707865,0.8491620111731844,0.6787433155080214
2,300.0,0.1,5.0,5.0,0.922752808988764,0.8491620111731844,0.6727941176470589
621,500.0,0.2,18.0,3.0,0.9213483146067416,0.8491620111731844,0.6668449197860962
611,500.0,0.2,10.0,3.0,0.9213483146067416,0.8435754189944135,0.6668449197860962
616,500.0,0.2,15.0,3.0,0.9213483146067416,0.8435754189944135,0.6668449197860962
491,450.0,0.2,15.0,3.0,0.9213483146067416,0.8324022346368715,0.6668449197860962
496,450.0,0.2,18.0,3.0,0.9199438202247191,0.8491620111731844,0.6608957219251337
591,500.0,0.175,15.0,3.0,0.9185393258426966,0.8491620111731844,0.6549465240641711
586,500.0,0.175,10.0,3.0,0.9185393258426966,0.8435754189944135,0.6549465240641711
371,400.0,0.2,18.0,3.0,0.9171348314606742,0.8435754189944135,0.6489973262032085
606,500.0,0.2,7.0,3.0,0.9171348314606742,0.8435754189944135,0.6489973262032085
471,450.0,0.175,18.0,3.0,0.9171348314606742,0.8379888268156425,0.6489973262032085
486,450.0,0.2,10.0,3.0,0.9171348314606742,0.8379888268156425,0.6489973262032085
596,500.0,0.175,18.0,3.0,0.9171348314606742,0.8379888268156425,0.6489973262032085
601,500.0,0.2,5.0,3.0,0.9171348314606742,0.8379888268156425,0.6489973262032085
361,400.0,0.2,10.0,3.0,0.9157303370786517,0.8379888268156425,0.643048128342246
571,500.0,0.15,18.0,3.0,0.9157303370786517,0.8379888268156425,0.643048128342246
581,500.0,0.175,7.0,3.0,0.9157303370786517,0.8324022346368715,0.643048128342246
366,400.0,0.2,15.0,3.0,0.9143258426966292,0.8435754189944135,0.6370989304812834
456,450.0,0.175,7.0,3.0,0.9143258426966292,0.8324022346368715,0.6370989304812834
561,500.0,0.15,10.0,3.0,0.9143258426966292,0.8324022346368715,0.6370989304812834
566,500.0,0.15,15.0,3.0,0.9129213483146067,0.8435754189944135,0.6311497326203208
116,300.0,0.2,15.0,3.0,0.9129213483146067,0.8379888268156425,0.6311497326203208
236,350.0,0.2,10.0,3.0,0.9129213483146067,0.8379888268156425,0.6311497326203208
246,350.0,0.2,18.0,3.0,0.9129213483146067,0.8379888268156425,0.6311497326203208
341,400.0,0.175,15.0,3.0,0.9129213483146067,0.8379888268156425,0.6311497326203208
461,450.0,0.175,10.0,3.0,0.9129213483146067,0.8379888268156425,0.6311497326203208
466,450.0,0.175,15.0,3.0,0.9129213483146067,0.8379888268156425,0.6311497326203208
121,300.0,0.2,18.0,3.0,0.9115168539325843,0.8435754189944135,0.6252005347593583
221,350.0,0.175,18.0,3.0,0.9115168539325843,0.8435754189944135,0.6252005347593583
346,400.0,0.175,18.0,3.0,0.9115168539325843,0.8379888268156425,0.6252005347593583
446,450.0,0.15,18.0,3.0,0.9115168539325843,0.8379888268156425,0.6252005347593583
476,450.0,0.2,5.0,3.0,0.9115168539325843,0.8379888268156425,0.6252005347593583
441,450.0,0.15,15.0,3.0,0.9115168539325843,0.8324022346368715,0.6252005347593583
481,450.0,0.2,7.0,3.0,0.9115168539325843,0.8324022346368715,0.6252005347593583
536,500.0,0.125,10.0,3.0,0.9101123595505618,0.8379888268156425,0.6192513368983957
551,500.0,0.15,5.0,3.0,0.9101123595505618,0.8379888268156425,0.6192513368983957
556,500.0,0.15,7.0,3.0,0.9101123595505618,0.8379888268156425,0.6192513368983957
356,400.0,0.2,7.0,3.0,0.9101123595505618,0.8268156424581006,0.6192513368983957
96,300.0,0.175,18.0,3.0,0.9087078651685393,0.8547486033519553,0.6133021390374331
241,350.0,0.2,15.0,3.0,0.9087078651685393,0.8435754189944135,0.6133021390374331
541,500.0,0.125,15.0,3.0,0.9087078651685393,0.8435754189944135,0.6133021390374331
211,350.0,0.175,10.0,3.0,0.9087078651685393,0.8379888268156425,0.6133021390374331
576,500.0,0.175,5.0,3.0,0.9087078651685393,0.8379888268156425,0.6133021390374331
431,450.0,0.15,7.0,3.0,0.9087078651685393,0.8324022346368715,0.6133021390374331
336,400.0,0.175,10.0,3.0,0.9087078651685393,0.8268156424581006,0.6133021390374331
316,400.0,0.15,15.0,3.0,0.9073033707865169,0.8435754189944135,0.6073529411764707
436,450.0,0.15,10.0,3.0,0.9073033707865169,0.8435754189944135,0.6073529411764707
111,300.0,0.2,10.0,3.0,0.9073033707865169,0.8379888268156425,0.6073529411764707
546,500.0,0.125,18.0,3.0,0.9073033707865169,0.8379888268156425,0.6073529411764707
191,350.0,0.15,15.0,3.0,0.9073033707865169,0.8324022346368715,0.6073529411764707
306,400.0,0.15,7.0,3.0,0.9073033707865169,0.8324022346368715,0.6073529411764707
331,400.0,0.175,7.0,3.0,0.9073033707865169,0.8324022346368715,0.6073529411764707
91,300.0,0.175,15.0,3.0,0.9058988764044944,0.8379888268156425,0.6014037433155079
216,350.0,0.175,15.0,3.0,0.9058988764044944,0.8379888268156425,0.6014037433155079
321,400.0,0.15,18.0,3.0,0.9058988764044944,0.8379888268156425,0.6014037433155079
416,450.0,0.125,15.0,3.0,0.9058988764044944,0.8379888268156425,0.6014037433155079
421,450.0,0.125,18.0,3.0,0.9058988764044944,0.8379888268156425,0.6014037433155079
531,500.0,0.125,7.0,3.0,0.9058988764044944,0.8379888268156425,0.6014037433155079
196,350.0,0.15,18.0,3.0,0.9058988764044944,0.8324022346368715,0.6014037433155079
226,350.0,0.2,5.0,3.0,0.9058988764044944,0.8324022346368715,0.6014037433155079
231,350.0,0.2,7.0,3.0,0.9058988764044944,0.8324022346368715,0.6014037433155079
451,450.0,0.175,5.0,3.0,0.9058988764044944,0.8324022346368715,0.6014037433155079
351,400.0,0.2,5.0,3.0,0.9044943820224719,0.8491620111731844,0.5954545454545455
71,300.0,0.15,18.0,3.0,0.9044943820224719,0.8379888268156425,0.5954545454545455
101,300.0,0.2,5.0,3.0,0.9044943820224719,0.8379888268156425,0.5954545454545455
106,300.0,0.2,7.0,3.0,0.9044943820224719,0.8379888268156425,0.5954545454545455
206,350.0,0.175,7.0,3.0,0.9044943820224719,0.8379888268156425,0.5954545454545455
311,400.0,0.15,10.0,3.0,0.9044943820224719,0.8379888268156425,0.5954545454545455
396,450.0,0.1,18.0,3.0,0.9044943820224719,0.8379888268156425,0.5954545454545455
521,500.0,0.1,18.0,3.0,0.9044943820224719,0.8379888268156425,0.5954545454545455
326,400.0,0.175,5.0,3.0,0.9044943820224719,0.8324022346368715,0.5954545454545455
86,300.0,0.175,10.0,3.0,0.9030898876404494,0.8435754189944135,0.5895053475935829
186,350.0,0.15,10.0,3.0,0.9030898876404494,0.8435754189944135,0.5895053475935829
271,400.0,0.1,18.0,3.0,0.9030898876404494,0.8435754189944135,0.5895053475935829
171,350.0,0.125,18.0,3.0,0.9030898876404494,0.8379888268156425,0.5895053475935829
291,400.0,0.125,15.0,3.0,0.9030898876404494,0.8379888268156425,0.5895053475935829
301,400.0,0.15,5.0,3.0,0.9030898876404494,0.8379888268156425,0.5895053475935829
406,450.0,0.125,7.0,3.0,0.9030898876404494,0.8379888268156425,0.5895053475935829
181,350.0,0.15,7.0,3.0,0.9030898876404494,0.8324022346368715,0.5895053475935829
281,400.0,0.125,7.0,3.0,0.9030898876404494,0.8324022346368715,0.5895053475935829
296,400.0,0.125,18.0,3.0,0.9030898876404494,0.8324022346368715,0.5895053475935829
426,450.0,0.15,5.0,3.0,0.9030898876404494,0.8324022346368715,0.5895053475935829
386,450.0,0.1,10.0,3.0,0.901685393258427,0.8435754189944135,0.5835561497326203
516,500.0,0.1,15.0,3.0,0.901685393258427,0.8435754189944135,0.5835561497326203
81,300.0,0.175,7.0,3.0,0.901685393258427,0.8379888268156425,0.5835561497326203
146,350.0,0.1,18.0,3.0,0.901685393258427,0.8379888268156425,0.5835561497326203
391,450.0,0.1,15.0,3.0,0.901685393258427,0.8379888268156425,0.5835561497326203
166,350.0,0.125,15.0,3.0,0.901685393258427,0.8324022346368715,0.5835561497326203
201,350.0,0.175,5.0,3.0,0.901685393258427,0.8324022346368715,0.5835561497326203
286,400.0,0.125,10.0,3.0,0.901685393258427,0.8324022346368715,0.5835561497326203
411,450.0,0.125,10.0,3.0,0.901685393258427,0.8324022346368715,0.5835561497326203
176,350.0,0.15,5.0,3.0,0.901685393258427,0.8268156424581006,0.5835561497326203
66,300.0,0.15,15.0,3.0,0.9002808988764045,0.8491620111731844,0.5776069518716578
156,350.0,0.125,7.0,3.0,0.9002808988764045,0.8491620111731844,0.5776069518716578
161,350.0,0.125,10.0,3.0,0.9002808988764045,0.8435754189944135,0.5776069518716578
266,400.0,0.1,15.0,3.0,0.9002808988764045,0.8379888268156425,0.5776069518716578
506,500.0,0.1,7.0,3.0,0.9002808988764045,0.8379888268156425,0.5776069518716578
76,300.0,0.175,5.0,3.0,0.9002808988764045,0.8324022346368715,0.5776069518716578
381,450.0,0.1,7.0,3.0,0.9002808988764045,0.8324022346368715,0.5776069518716578
401,450.0,0.125,5.0,3.0,0.9002808988764045,0.8324022346368715,0.5776069518716578
61,300.0,0.15,10.0,3.0,0.9002808988764045,0.8268156424581006,0.5776069518716578
501,500.0,0.1,5.0,3.0,0.898876404494382,0.8435754189944135,0.5716577540106952
56,300.0,0.15,7.0,3.0,0.898876404494382,0.8379888268156425,0.5716577540106952
261,400.0,0.1,10.0,3.0,0.898876404494382,0.8379888268156425,0.5716577540106952
276,400.0,0.125,5.0,3.0,0.898876404494382,0.8379888268156425,0.5716577540106952
511,500.0,0.1,10.0,3.0,0.898876404494382,0.8379888268156425,0.5716577540106952
526,500.0,0.125,5.0,3.0,0.898876404494382,0.8379888268156425,0.5716577540106952
41,300.0,0.125,15.0,3.0,0.8974719101123596,0.8547486033519553,0.5657085561497326
141,350.0,0.1,15.0,3.0,0.8974719101123596,0.8491620111731844,0.5657085561497326
16,300.0,0.1,15.0,3.0,0.8974719101123596,0.8435754189944135,0.5657085561497326
46,300.0,0.125,18.0,3.0,0.8974719101123596,0.8435754189944135,0.5657085561497326
51,300.0,0.15,5.0,3.0,0.8974719101123596,0.8435754189944135,0.5657085561497326
131,350.0,0.1,7.0,3.0,0.8974719101123596,0.8435754189944135,0.5657085561497326
376,450.0,0.1,5.0,3.0,0.8974719101123596,0.8435754189944135,0.5657085561497326
36,300.0,0.125,10.0,3.0,0.8974719101123596,0.8379888268156425,0.5657085561497326
21,300.0,0.1,18.0,3.0,0.8960674157303371,0.8491620111731844,0.5597593582887701
136,350.0,0.1,10.0,3.0,0.8960674157303371,0.8435754189944135,0.5597593582887701
256,400.0,0.1,7.0,3.0,0.8960674157303371,0.8379888268156425,0.5597593582887701
151,350.0,0.125,5.0,3.0,0.8960674157303371,0.8324022346368715,0.5597593582887701
26,300.0,0.125,5.0,3.0,0.8946629213483146,0.8435754189944135,0.5538101604278074
251,400.0,0.1,5.0,3.0,0.8946629213483146,0.8435754189944135,0.5538101604278074
6,300.0,0.1,7.0,3.0,0.8932584269662921,0.8491620111731844,0.5478609625668449
126,350.0,0.1,5.0,3.0,0.8932584269662921,0.8491620111731844,0.5478609625668449
11,300.0,0.1,10.0,3.0,0.8932584269662921,0.8435754189944135,0.5478609625668449
31,300.0,0.125,7.0,3.0,0.8932584269662921,0.8435754189944135,0.5478609625668449
1,300.0,0.1,5.0,3.0,0.8918539325842697,0.8547486033519553,0.5419117647058823
615,500.0,0.2,15.0,2.0,0.8918539325842697,0.8324022346368715,0.5419117647058823
495,450.0,0.2,18.0,2.0,0.8904494382022472,0.8379888268156425,0.5359625668449197
605,500.0,0.2,7.0,2.0,0.8904494382022472,0.8324022346368715,0.5359625668449197
620,500.0,0.2,18.0,2.0,0.8904494382022472,0.8324022346368715,0.5359625668449197
610,500.0,0.2,10.0,2.0,0.8890449438202247,0.8379888268156425,0.5300133689839572
490,450.0,0.2,15.0,2.0,0.8890449438202247,0.8268156424581006,0.5300133689839572
595,500.0,0.175,18.0,2.0,0.8890449438202247,0.8268156424581006,0.5300133689839572
340,400.0,0.175,15.0,2.0,0.8876404494382022,0.8324022346368715,0.5240641711229946
355,400.0,0.2,7.0,2.0,0.8876404494382022,0.8324022346368715,0.5240641711229946
365,400.0,0.2,15.0,2.0,0.8876404494382022,0.8324022346368715,0.5240641711229946
370,400.0,0.2,18.0,2.0,0.8876404494382022,0.8324022346368715,0.5240641711229946
475,450.0,0.2,5.0,2.0,0.8876404494382022,0.8324022346368715,0.5240641711229946
460,450.0,0.175,10.0,2.0,0.8862359550561798,0.8435754189944135,0.518114973262032
590,500.0,0.175,15.0,2.0,0.8862359550561798,0.8435754189944135,0.518114973262032
465,450.0,0.175,15.0,2.0,0.8862359550561798,0.8379888268156425,0.518114973262032
480,450.0,0.2,7.0,2.0,0.8862359550561798,0.8379888268156425,0.518114973262032
485,450.0,0.2,10.0,2.0,0.8862359550561798,0.8324022346368715,0.518114973262032
580,500.0,0.175,7.0,2.0,0.8862359550561798,0.8324022346368715,0.518114973262032
555,500.0,0.15,7.0,2.0,0.8848314606741573,0.8435754189944135,0.5121657754010696
565,500.0,0.15,15.0,2.0,0.8848314606741573,0.8435754189944135,0.5121657754010696
245,350.0,0.2,18.0,2.0,0.8848314606741573,0.8379888268156425,0.5121657754010696
600,500.0,0.2,5.0,2.0,0.8848314606741573,0.8379888268156425,0.5121657754010696
230,350.0,0.2,7.0,2.0,0.8848314606741573,0.8268156424581006,0.5121657754010696
225,350.0,0.2,5.0,2.0,0.8834269662921348,0.8435754189944135,0.506216577540107
440,450.0,0.15,15.0,2.0,0.8834269662921348,0.8435754189944135,0.506216577540107
560,500.0,0.15,10.0,2.0,0.8834269662921348,0.8435754189944135,0.506216577540107
240,350.0,0.2,15.0,2.0,0.8834269662921348,0.8379888268156425,0.506216577540107
455,450.0,0.175,7.0,2.0,0.8834269662921348,0.8379888268156425,0.506216577540107
575,500.0,0.175,5.0,2.0,0.8834269662921348,0.8379888268156425,0.506216577540107
585,500.0,0.175,10.0,2.0,0.8834269662921348,0.8324022346368715,0.506216577540107
545,500.0,0.125,18.0,2.0,0.8820224719101124,0.8491620111731844,0.5002673796791444
110,300.0,0.2,10.0,2.0,0.8820224719101124,0.8435754189944135,0.5002673796791444
330,400.0,0.175,7.0,2.0,0.8820224719101124,0.8435754189944135,0.5002673796791444
335,400.0,0.175,10.0,2.0,0.8820224719101124,0.8435754189944135,0.5002673796791444
550,500.0,0.15,5.0,2.0,0.8820224719101124,0.8435754189944135,0.5002673796791444
570,500.0,0.15,18.0,2.0,0.8820224719101124,0.8435754189944135,0.5002673796791444
115,300.0,0.2,15.0,2.0,0.8820224719101124,0.8379888268156425,0.5002673796791444
315,400.0,0.15,15.0,2.0,0.8820224719101124,0.8379888268156425,0.5002673796791444
435,450.0,0.15,10.0,2.0,0.8820224719101124,0.8379888268156425,0.5002673796791444
235,350.0,0.2,10.0,2.0,0.8820224719101124,0.8324022346368715,0.5002673796791444
345,400.0,0.175,18.0,2.0,0.8820224719101124,0.8324022346368715,0.5002673796791444
360,400.0,0.2,10.0,2.0,0.8820224719101124,0.8324022346368715,0.5002673796791444
450,450.0,0.175,5.0,2.0,0.8820224719101124,0.8324022346368715,0.5002673796791444
470,450.0,0.175,18.0,2.0,0.8820224719101124,0.8268156424581006,0.5002673796791444
215,350.0,0.175,15.0,2.0,0.8806179775280899,0.8491620111731844,0.49431818181818177
210,350.0,0.175,10.0,2.0,0.8806179775280899,0.8435754189944135,0.49431818181818177
415,450.0,0.125,15.0,2.0,0.8806179775280899,0.8435754189944135,0.49431818181818177
430,450.0,0.15,7.0,2.0,0.8806179775280899,0.8379888268156425,0.49431818181818177
445,450.0,0.15,18.0,2.0,0.8806179775280899,0.8379888268156425,0.49431818181818177
220,350.0,0.175,18.0,2.0,0.8806179775280899,0.8324022346368715,0.49431818181818177
305,400.0,0.15,7.0,2.0,0.8792134831460674,0.8379888268156425,0.4883689839572193
535,500.0,0.125,10.0,2.0,0.8792134831460674,0.8379888268156425,0.4883689839572193
540,500.0,0.125,15.0,2.0,0.8792134831460674,0.8379888268156425,0.4883689839572193
325,400.0,0.175,5.0,2.0,0.8792134831460674,0.8324022346368715,0.4883689839572193
400,450.0,0.125,5.0,2.0,0.8778089887640449,0.8491620111731844,0.4824197860962567
420,450.0,0.125,18.0,2.0,0.8778089887640449,0.8491620111731844,0.4824197860962567
530,500.0,0.125,7.0,2.0,0.8778089887640449,0.8491620111731844,0.4824197860962567
410,450.0,0.125,10.0,2.0,0.8778089887640449,0.8435754189944135,0.4824197860962567
95,300.0,0.175,18.0,2.0,0.8778089887640449,0.8379888268156425,0.4824197860962567
310,400.0,0.15,10.0,2.0,0.8778089887640449,0.8324022346368715,0.4824197860962567
320,400.0,0.15,18.0,2.0,0.8778089887640449,0.8324022346368715,0.4824197860962567
350,400.0,0.2,5.0,2.0,0.8764044943820225,0.8603351955307262,0.4764705882352941
515,500.0,0.1,15.0,2.0,0.8764044943820225,0.8435754189944135,0.4764705882352941
80,300.0,0.175,7.0,2.0,0.8764044943820225,0.8379888268156425,0.4764705882352941
190,350.0,0.15,15.0,2.0,0.8764044943820225,0.8379888268156425,0.4764705882352941
195,350.0,0.15,18.0,2.0,0.8764044943820225,0.8379888268156425,0.4764705882352941
405,450.0,0.125,7.0,2.0,0.8764044943820225,0.8379888268156425,0.4764705882352941
105,300.0,0.2,7.0,2.0,0.8764044943820225,0.8324022346368715,0.4764705882352941
205,350.0,0.175,7.0,2.0,0.8764044943820225,0.8324022346368715,0.4764705882352941
85,300.0,0.175,10.0,2.0,0.875,0.8547486033519553,0.4705213903743315
170,350.0,0.125,18.0,2.0,0.875,0.8547486033519553,0.4705213903743315
200,350.0,0.175,5.0,2.0,0.875,0.8547486033519553,0.4705213903743315
295,400.0,0.125,18.0,2.0,0.875,0.8547486033519553,0.4705213903743315
525,500.0,0.125,5.0,2.0,0.875,0.8547486033519553,0.4705213903743315
390,450.0,0.1,15.0,2.0,0.875,0.8491620111731844,0.4705213903743315
425,450.0,0.15,5.0,2.0,0.875,0.8491620111731844,0.4705213903743315
90,300.0,0.175,15.0,2.0,0.875,0.8435754189944135,0.4705213903743315
120,300.0,0.2,18.0,2.0,0.875,0.8435754189944135,0.4705213903743315
510,500.0,0.1,10.0,2.0,0.875,0.8435754189944135,0.4705213903743315
285,400.0,0.125,10.0,2.0,0.875,0.8379888268156425,0.4705213903743315
50,300.0,0.15,5.0,2.0,0.8735955056179775,0.8603351955307262,0.464572192513369
55,300.0,0.15,7.0,2.0,0.8735955056179775,0.8547486033519553,0.464572192513369
75,300.0,0.175,5.0,2.0,0.8735955056179775,0.8547486033519553,0.464572192513369
15,300.0,0.1,15.0,2.0,0.8735955056179775,0.8491620111731844,0.464572192513369
160,350.0,0.125,10.0,2.0,0.8735955056179775,0.8491620111731844,0.464572192513369
185,350.0,0.15,10.0,2.0,0.8735955056179775,0.8491620111731844,0.464572192513369
380,450.0,0.1,7.0,2.0,0.8735955056179775,0.8491620111731844,0.464572192513369
65,300.0,0.15,15.0,2.0,0.8735955056179775,0.8435754189944135,0.464572192513369
145,350.0,0.1,18.0,2.0,0.8735955056179775,0.8435754189944135,0.464572192513369
290,400.0,0.125,15.0,2.0,0.8735955056179775,0.8435754189944135,0.464572192513369
520,500.0,0.1,18.0,2.0,0.8735955056179775,0.8435754189944135,0.464572192513369
100,300.0,0.2,5.0,2.0,0.8735955056179775,0.8379888268156425,0.464572192513369
300,400.0,0.15,5.0,2.0,0.8735955056179775,0.8379888268156425,0.464572192513369
275,400.0,0.125,5.0,2.0,0.8721910112359551,0.8603351955307262,0.4586229946524064
35,300.0,0.125,10.0,2.0,0.8721910112359551,0.8547486033519553,0.4586229946524064
40,300.0,0.125,15.0,2.0,0.8721910112359551,0.8491620111731844,0.4586229946524064
180,350.0,0.15,7.0,2.0,0.8721910112359551,0.8491620111731844,0.4586229946524064
265,400.0,0.1,15.0,2.0,0.8721910112359551,0.8491620111731844,0.4586229946524064
270,400.0,0.1,18.0,2.0,0.8721910112359551,0.8491620111731844,0.4586229946524064
280,400.0,0.125,7.0,2.0,0.8721910112359551,0.8491620111731844,0.4586229946524064
395,450.0,0.1,18.0,2.0,0.8721910112359551,0.8491620111731844,0.4586229946524064
165,350.0,0.125,15.0,2.0,0.8721910112359551,0.8435754189944135,0.4586229946524064
70,300.0,0.15,18.0,2.0,0.8721910112359551,0.8324022346368715,0.4586229946524064
140,350.0,0.1,15.0,2.0,0.8707865168539326,0.8547486033519553,0.4526737967914438
45,300.0,0.125,18.0,2.0,0.8707865168539326,0.8491620111731844,0.4526737967914438
150,350.0,0.125,5.0,2.0,0.8707865168539326,0.8435754189944135,0.4526737967914438
260,400.0,0.1,10.0,2.0,0.8707865168539326,0.8379888268156425,0.4526737967914438
505,500.0,0.1,7.0,2.0,0.8707865168539326,0.8379888268156425,0.4526737967914438
30,300.0,0.125,7.0,2.0,0.8693820224719101,0.8491620111731844,0.4467245989304812
155,350.0,0.125,7.0,2.0,0.8693820224719101,0.8491620111731844,0.4467245989304812
255,400.0,0.1,7.0,2.0,0.8693820224719101,0.8491620111731844,0.4467245989304812
135,350.0,0.1,10.0,2.0,0.8693820224719101,0.8435754189944135,0.4467245989304812
385,450.0,0.1,10.0,2.0,0.8693820224719101,0.8324022346368715,0.4467245989304812
175,350.0,0.15,5.0,2.0,0.8679775280898876,0.8659217877094972,0.44077540106951874
60,300.0,0.15,10.0,2.0,0.8679775280898876,0.8547486033519553,0.44077540106951874
20,300.0,0.1,18.0,2.0,0.8679775280898876,0.8491620111731844,0.44077540106951874
500,500.0,0.1,5.0,2.0,0.8679775280898876,0.8491620111731844,0.44077540106951874
25,300.0,0.125,5.0,2.0,0.8665730337078652,0.8547486033519553,0.43482620320855614
10,300.0,0.1,10.0,2.0,0.8665730337078652,0.8379888268156425,0.43482620320855614
125,350.0,0.1,5.0,2.0,0.8651685393258427,0.8603351955307262,0.42887700534759354
130,350.0,0.1,7.0,2.0,0.8651685393258427,0.8547486033519553,0.42887700534759354
5,300.0,0.1,7.0,2.0,0.8651685393258427,0.8491620111731844,0.42887700534759354
250,400.0,0.1,5.0,2.0,0.8637640449438202,0.8435754189944135,0.42292780748663095
375,450.0,0.1,5.0,2.0,0.8623595505617978,0.8547486033519553,0.41697860962566846
0,300.0,0.1,5.0,2.0,0.8581460674157303,0.8603351955307262,0.3991310160427808
